{"cameraMode":{"drawMode":0,"name":"Shaded","section":"Shading Mode"},"sceneLighting":false,"audioPlay":false,"sceneViewState":{"m_AlwaysRefresh":false,"showFog":true,"showSkybox":false,"showFlares":true,"showImageEffects":true,"showParticleSystems":true,"showVisualEffectGraphs":true,"m_FxEnabled":true},"in2DMode":false,"pivot":{"x":-0.05774497985839844,"y":-0.08098667860031128,"z":-0.04450911283493042},"rotation":{"x":-0.3014306426048279,"y":0.5043005347251892,"z":-0.19346173107624055,"w":-0.7857460379600525},"size":0.51360023021698,"orthographic":false}