{"cameraMode":{"drawMode":0,"name":"Shaded","section":"Shading Mode"},"sceneLighting":false,"audioPlay":false,"sceneViewState":{"showFog":true,"showMaterialUpdate":false,"showSkybox":false,"showFlares":true,"showImageEffects":true,"showParticleSystems":true},"in2DMode":false,"pivot":{"x":-0.16583648324012757,"y":0.13541555404663087,"z":-0.09605430066585541},"rotation":{"x":0.09731975942850113,"y":-0.02299041673541069,"z":0.002248633885756135,"w":0.9949867725372315},"size":0.45025455951690676,"orthographic":true}